trading_day,avg_gain_percent,median_gain_percent,min_gain_percent,max_gain_percent,std_dev_percent,sample_size
dd,0.0,0.0,0.0,0.0,0.0,19
dd+1,0.0023676390834921866,0.0,-0.03299788440298969,0.025009605612370967,0.012217482795046912,19
dd+2,0.014842856481005324,0.015016824405120551,-0.03898207657329116,0.059996995525583775,0.020433956833837145,19
dd+3,0.047567958273969396,0.044995355874835594,0.01999827322309012,0.06999159822923649,0.012175518514240334,19
dd+4,0.06462604376543751,0.06898161743024149,0.01998254470444601,0.09903221301643841,0.018379903052026927,19
