trading_day,avg_gain_percent,median_gain_percent,min_gain_percent,max_gain_percent,std_dev_percent,sample_size
dd,0.0,0.0,0.0,0.0,0.0,19
dd+1,0.0023678747569000243,0.0,-0.03296993091363985,0.02499855599838272,0.012211337379037011,19
dd+2,0.014841603571555296,0.014997761158952768,-0.03896656862897182,0.06001354547375988,0.02043241250428681,19
dd+3,0.04757112862627498,0.04499369602712138,0.01999880465159983,0.06997734118550485,0.012173842677195179,19
dd+4,0.0646248750267369,0.06898259502537861,0.01999068172585454,0.09902621035629909,0.018378832720489447,19
