trading_day,avg_gain_percent,median_gain_percent,min_gain_percent,max_gain_percent,std_dev_percent,sample_size
dd,0.0,0.0,0.0,0.0,0.0,19
dd+1,0.002368046566146657,0.0,-0.033005590900327744,0.024994213162469775,0.012216510443054865,19
dd+2,0.01484082846468695,0.015024550269634673,-0.038989782147676885,0.059981575435887696,0.02043263189021173,19
dd+3,0.047566339884810384,0.04499535932622019,0.01999827322309012,0.06998386804682943,0.012176098625181162,19
dd+4,0.06462401562250919,0.06898161743024149,0.01998254470444601,0.09903221301643841,0.018380835422090534,19
