trading_day,avg_gain_percent,median_gain_percent,min_gain_percent,max_gain_percent,std_dev_percent,sample_size
dd,0.0,0.0,0.0,0.0,0.0,19
dd+1,0.002366823601047717,0.0,-0.032990170271075404,0.025009605612370967,0.012214945128177258,19
dd+2,0.014843253044861586,0.015009099701208454,-0.038982073567154316,0.06001242024325456,0.02043613852610971,19
dd+3,0.04756957327425809,0.045000524673239194,0.01999827322309012,0.06999159282632104,0.012177103440038195,19
dd+4,0.06462765158572,0.06898161743024149,0.01998254470444601,0.09903221301643841,0.018381926000810424,19
