trading_day,avg_gain_percent,median_gain_percent,min_gain_percent,max_gain_percent,std_dev_percent,sample_size
dd,0.0,0.0,0.0,0.0,0.0,19
dd+1,0.002369504444499858,0.0,-0.03300079399478161,0.024990852731792856,0.012213100776789667,19
dd+2,0.014843227639864728,0.015005493123719247,-0.038974277285698584,0.05995953483496241,0.020428725418847323,19
dd+3,0.04756870418691985,0.04500140653479921,0.01999880465159983,0.06999279754027077,0.012173335732902357,19
dd+4,0.06462162974385093,0.06898259502537861,0.019983029725674773,0.09902620277282556,0.018380086518598987,19
