trading_day,avg_gain_percent,median_gain_percent,min_gain_percent,max_gain_percent,std_dev_percent,sample_size
dd,0.0,0.0,0.0,0.0,0.0,19
dd+1,0.002365448051144742,0.0,-0.03298536118314493,0.024990852731792856,0.012213106729910569,19
dd+2,0.014836740142223918,0.014992147320769304,-0.03896656261434224,0.0600058362791784,0.02043207117091743,19
dd+3,0.04756990557707687,0.04499868626197613,0.01999880465159983,0.06999279754027077,0.012178465129966823,19
dd+4,0.06462242865361607,0.06898259502537861,0.019990680196473272,0.09903386840365476,0.018381524488992072,19
